Model,Region,Damage quantile,SLR adaptation,Discounting,Year,Target,Value,Variable
MIMOSA,World,5,with,high,2020,cba,0.0,Avoided Damages|% GDP
MIMOSA,World,5,with,high,2025,cba,-8.999855928188474e-05,Avoided Damages|% GDP
MIMOSA,World,5,with,high,2030,cba,-0.00020914933635172523,Avoided Damages|% GDP
MIMOSA,World,5,with,high,2035,cba,-0.00032750437175542863,Avoided Damages|% GDP
MIMOSA,World,5,with,high,2040,cba,-0.0004736408237207032,Avoided Damages|% GDP
MIMOSA,World,5,with,high,2045,cba,-0.0006648832667767286,Avoided Damages|% GDP
MIMOSA,World,5,with,high,2050,cba,-0.0008614689526238702,Avoided Damages|% GDP
MIMOSA,World,5,with,high,2055,cba,-0.0010837492244668533,Avoided Damages|% GDP
MIMOSA,World,5,with,high,2060,cba,-0.0012355424838192237,Avoided Damages|% GDP
MIMOSA,World,5,with,high,2065,cba,-0.00131245699175902,Avoided Damages|% GDP
MIMOSA,World,5,with,high,2070,cba,-0.0013119299338425288,Avoided Damages|% GDP
MIMOSA,World,5,with,high,2075,cba,-0.0011741247150681615,Avoided Damages|% GDP
MIMOSA,World,5,with,high,2080,cba,-0.0008691942961692471,Avoided Damages|% GDP
MIMOSA,World,5,with,high,2085,cba,-0.0003475423901415592,Avoided Damages|% GDP
MIMOSA,World,5,with,high,2090,cba,0.00044485587717572525,Avoided Damages|% GDP
MIMOSA,World,5,with,high,2095,cba,0.001569101854462997,Avoided Damages|% GDP
MIMOSA,World,5,with,high,2100,cba,0.002942792292897551,Avoided Damages|% GDP
MIMOSA,World,5,with,high,2105,cba,0.004350694556966339,Avoided Damages|% GDP
MIMOSA,World,5,with,high,2110,cba,0.005874555532383508,Avoided Damages|% GDP
MIMOSA,World,5,with,high,2115,cba,0.007383150588208165,Avoided Damages|% GDP
MIMOSA,World,5,with,high,2120,cba,0.008846058085083488,Avoided Damages|% GDP
MIMOSA,World,5,with,high,2125,cba,0.010285041418130353,Avoided Damages|% GDP
MIMOSA,World,5,with,high,2130,cba,0.011650908663212067,Avoided Damages|% GDP
MIMOSA,World,5,with,high,2135,cba,0.012923347630412203,Avoided Damages|% GDP
MIMOSA,World,5,with,high,2140,cba,0.01406042132447368,Avoided Damages|% GDP
MIMOSA,World,5,with,high,2145,cba,0.015011306147225817,Avoided Damages|% GDP
MIMOSA,World,5,with,high,2150,cba,0.015695277431992317,Avoided Damages|% GDP
MIMOSA,World,5,with,low,2020,cba,0.0,Avoided Damages|% GDP
MIMOSA,World,5,with,low,2025,cba,-0.0001327451915815681,Avoided Damages|% GDP
MIMOSA,World,5,with,low,2030,cba,-0.0003731431057582165,Avoided Damages|% GDP
MIMOSA,World,5,with,low,2035,cba,-0.0006578891187173703,Avoided Damages|% GDP
MIMOSA,World,5,with,low,2040,cba,-0.0009686911621272831,Avoided Damages|% GDP
MIMOSA,World,5,with,low,2045,cba,-0.0013111458947400575,Avoided Damages|% GDP
MIMOSA,World,5,with,low,2050,cba,-0.001657051635231512,Avoided Damages|% GDP
MIMOSA,World,5,with,low,2055,cba,-0.0019475296459797824,Avoided Damages|% GDP
MIMOSA,World,5,with,low,2060,cba,-0.002176693223396193,Avoided Damages|% GDP
MIMOSA,World,5,with,low,2065,cba,-0.0022767560865451205,Avoided Damages|% GDP
MIMOSA,World,5,with,low,2070,cba,-0.002213578361088656,Avoided Damages|% GDP
MIMOSA,World,5,with,low,2075,cba,-0.001954678194607796,Avoided Damages|% GDP
MIMOSA,World,5,with,low,2080,cba,-0.0014327321594383602,Avoided Damages|% GDP
MIMOSA,World,5,with,low,2085,cba,-0.0006340469764754195,Avoided Damages|% GDP
MIMOSA,World,5,with,low,2090,cba,0.0005341214149015775,Avoided Damages|% GDP
MIMOSA,World,5,with,low,2095,cba,0.002118536872064004,Avoided Damages|% GDP
MIMOSA,World,5,with,low,2100,cba,0.003989814535258813,Avoided Damages|% GDP
MIMOSA,World,5,with,low,2105,cba,0.005655464143967563,Avoided Damages|% GDP
MIMOSA,World,5,with,low,2110,cba,0.0076386598297643335,Avoided Damages|% GDP
MIMOSA,World,5,with,low,2115,cba,0.009552746567973731,Avoided Damages|% GDP
MIMOSA,World,5,with,low,2120,cba,0.011384816585586174,Avoided Damages|% GDP
MIMOSA,World,5,with,low,2125,cba,0.013174294583137168,Avoided Damages|% GDP
MIMOSA,World,5,with,low,2130,cba,0.014841168593192835,Avoided Damages|% GDP
MIMOSA,World,5,with,low,2135,cba,0.01638721713619192,Avoided Damages|% GDP
MIMOSA,World,5,with,low,2140,cba,0.01775420285362349,Avoided Damages|% GDP
MIMOSA,World,5,with,low,2145,cba,0.018902314867414456,Avoided Damages|% GDP
MIMOSA,World,5,with,low,2150,cba,0.019733366346168783,Avoided Damages|% GDP
MIMOSA,World,5,with,medium,2020,cba,0.0,Avoided Damages|% GDP
MIMOSA,World,5,with,medium,2025,cba,-0.00011059360385267502,Avoided Damages|% GDP
MIMOSA,World,5,with,medium,2030,cba,-0.00028913801792275875,Avoided Damages|% GDP
MIMOSA,World,5,with,medium,2035,cba,-0.0004824593695914267,Avoided Damages|% GDP
MIMOSA,World,5,with,medium,2040,cba,-0.0007130734157220131,Avoided Damages|% GDP
MIMOSA,World,5,with,medium,2045,cba,-0.0009747576079364369,Avoided Damages|% GDP
MIMOSA,World,5,with,medium,2050,cba,-0.0012230868492970753,Avoided Damages|% GDP
MIMOSA,World,5,with,medium,2055,cba,-0.0014656719797385143,Avoided Damages|% GDP
MIMOSA,World,5,with,medium,2060,cba,-0.001645529642793364,Avoided Damages|% GDP
MIMOSA,World,5,with,medium,2065,cba,-0.0017351088513483754,Avoided Damages|% GDP
MIMOSA,World,5,with,medium,2070,cba,-0.0017004012417180222,Avoided Damages|% GDP
MIMOSA,World,5,with,medium,2075,cba,-0.0015009985946350835,Avoided Damages|% GDP
MIMOSA,World,5,with,medium,2080,cba,-0.0011016245456076403,Avoided Damages|% GDP
MIMOSA,World,5,with,medium,2085,cba,-0.0004527252485297122,Avoided Damages|% GDP
MIMOSA,World,5,with,medium,2090,cba,0.0005135826011577751,Avoided Damages|% GDP
MIMOSA,World,5,with,medium,2095,cba,0.0018542253187863145,Avoided Damages|% GDP
MIMOSA,World,5,with,medium,2100,cba,0.0034521674707798954,Avoided Damages|% GDP
MIMOSA,World,5,with,medium,2105,cba,0.005007179160769533,Avoided Damages|% GDP
MIMOSA,World,5,with,medium,2110,cba,0.006737225322463634,Avoided Damages|% GDP
MIMOSA,World,5,with,medium,2115,cba,0.008407522888584767,Avoided Damages|% GDP
MIMOSA,World,5,with,medium,2120,cba,0.010046350715274991,Avoided Damages|% GDP
MIMOSA,World,5,with,medium,2125,cba,0.011626752563304477,Avoided Damages|% GDP
MIMOSA,World,5,with,medium,2130,cba,0.013142416003036665,Avoided Damages|% GDP
MIMOSA,World,5,with,medium,2135,cba,0.014535346486132897,Avoided Damages|% GDP
MIMOSA,World,5,with,medium,2140,cba,0.015782100635903004,Avoided Damages|% GDP
MIMOSA,World,5,with,medium,2145,cba,0.0168248781345969,Avoided Damages|% GDP
MIMOSA,World,5,with,medium,2150,cba,0.017572192399511077,Avoided Damages|% GDP
MIMOSA,World,50,with,high,2020,cba,0.0,Avoided Damages|% GDP
MIMOSA,World,50,with,high,2025,cba,0.0007829659534920004,Avoided Damages|% GDP
MIMOSA,World,50,with,high,2030,cba,0.0025270422354791025,Avoided Damages|% GDP
MIMOSA,World,50,with,high,2035,cba,0.004963892950811649,Avoided Damages|% GDP
MIMOSA,World,50,with,high,2040,cba,0.008033028791787767,Avoided Damages|% GDP
MIMOSA,World,50,with,high,2045,cba,0.011999404802664402,Avoided Damages|% GDP
MIMOSA,World,50,with,high,2050,cba,0.01697133569420023,Avoided Damages|% GDP
MIMOSA,World,50,with,high,2055,cba,0.023014357647879922,Avoided Damages|% GDP
MIMOSA,World,50,with,high,2060,cba,0.030180905867795635,Avoided Damages|% GDP
MIMOSA,World,50,with,high,2065,cba,0.03859277360375057,Avoided Damages|% GDP
MIMOSA,World,50,with,high,2070,cba,0.048363810018831443,Avoided Damages|% GDP
MIMOSA,World,50,with,high,2075,cba,0.05959076942868408,Avoided Damages|% GDP
MIMOSA,World,50,with,high,2080,cba,0.07231267990138426,Avoided Damages|% GDP
MIMOSA,World,50,with,high,2085,cba,0.08650237680849704,Avoided Damages|% GDP
MIMOSA,World,50,with,high,2090,cba,0.10222417024707861,Avoided Damages|% GDP
MIMOSA,World,50,with,high,2095,cba,0.1195647764936085,Avoided Damages|% GDP
MIMOSA,World,50,with,high,2100,cba,0.13836626848885558,Avoided Damages|% GDP
MIMOSA,World,50,with,high,2105,cba,0.15774685854345824,Avoided Damages|% GDP
MIMOSA,World,50,with,high,2110,cba,0.17808476573164947,Avoided Damages|% GDP
MIMOSA,World,50,with,high,2115,cba,0.19893279238490427,Avoided Damages|% GDP
MIMOSA,World,50,with,high,2120,cba,0.22017459338921697,Avoided Damages|% GDP
MIMOSA,World,50,with,high,2125,cba,0.24169862109989343,Avoided Damages|% GDP
MIMOSA,World,50,with,high,2130,cba,0.26334394804901945,Avoided Damages|% GDP
MIMOSA,World,50,with,high,2135,cba,0.2849471406796181,Avoided Damages|% GDP
MIMOSA,World,50,with,high,2140,cba,0.30637680374455617,Avoided Damages|% GDP
MIMOSA,World,50,with,high,2145,cba,0.32747184857134937,Avoided Damages|% GDP
MIMOSA,World,50,with,high,2150,cba,0.3480243519114273,Avoided Damages|% GDP
MIMOSA,World,50,with,low,2020,cba,0.0,Avoided Damages|% GDP
MIMOSA,World,50,with,low,2025,cba,0.0008441216663784254,Avoided Damages|% GDP
MIMOSA,World,50,with,low,2030,cba,0.0028458427157767112,Avoided Damages|% GDP
MIMOSA,World,50,with,low,2035,cba,0.006132792557303276,Avoided Damages|% GDP
MIMOSA,World,50,with,low,2040,cba,0.010799510194879076,Avoided Damages|% GDP
MIMOSA,World,50,with,low,2045,cba,0.016159059329448965,Avoided Damages|% GDP
MIMOSA,World,50,with,low,2050,cba,0.022640713225758453,Avoided Damages|% GDP
MIMOSA,World,50,with,low,2055,cba,0.030327703228690304,Avoided Damages|% GDP
MIMOSA,World,50,with,low,2060,cba,0.03923773006276472,Avoided Damages|% GDP
MIMOSA,World,50,with,low,2065,cba,0.04949114553801881,Avoided Damages|% GDP
MIMOSA,World,50,with,low,2070,cba,0.061160085610213986,Avoided Damages|% GDP
MIMOSA,World,50,with,low,2075,cba,0.07431301510039054,Avoided Damages|% GDP
MIMOSA,World,50,with,low,2080,cba,0.08892842642742678,Avoided Damages|% GDP
MIMOSA,World,50,with,low,2085,cba,0.10492861859389503,Avoided Damages|% GDP
MIMOSA,World,50,with,low,2090,cba,0.12236520735648372,Avoided Damages|% GDP
MIMOSA,World,50,with,low,2095,cba,0.14126163403062103,Avoided Damages|% GDP
MIMOSA,World,50,with,low,2100,cba,0.1614039626511971,Avoided Damages|% GDP
MIMOSA,World,50,with,low,2105,cba,0.17889666193888035,Avoided Damages|% GDP
MIMOSA,World,50,with,low,2110,cba,0.2000607618842174,Avoided Damages|% GDP
MIMOSA,World,50,with,low,2115,cba,0.2215517834464629,Avoided Damages|% GDP
MIMOSA,World,50,with,low,2120,cba,0.2432709312410052,Avoided Damages|% GDP
MIMOSA,World,50,with,low,2125,cba,0.26515606343420134,Avoided Damages|% GDP
MIMOSA,World,50,with,low,2130,cba,0.28706048691694924,Avoided Damages|% GDP
MIMOSA,World,50,with,low,2135,cba,0.308824929628501,Avoided Damages|% GDP
MIMOSA,World,50,with,low,2140,cba,0.33033863406176384,Avoided Damages|% GDP
MIMOSA,World,50,with,low,2145,cba,0.3514633717731091,Avoided Damages|% GDP
MIMOSA,World,50,with,low,2150,cba,0.3719810373430833,Avoided Damages|% GDP
MIMOSA,World,50,with,medium,2020,cba,0.0,Avoided Damages|% GDP
MIMOSA,World,50,with,medium,2025,cba,0.0008152931838571778,Avoided Damages|% GDP
MIMOSA,World,50,with,medium,2030,cba,0.002680562880830366,Avoided Damages|% GDP
MIMOSA,World,50,with,medium,2035,cba,0.005628610822522824,Avoided Damages|% GDP
MIMOSA,World,50,with,medium,2040,cba,0.009288495003985958,Avoided Damages|% GDP
MIMOSA,World,50,with,medium,2045,cba,0.013824550996979114,Avoided Damages|% GDP
MIMOSA,World,50,with,medium,2050,cba,0.01946441411586268,Avoided Damages|% GDP
MIMOSA,World,50,with,medium,2055,cba,0.026245304873797455,Avoided Damages|% GDP
MIMOSA,World,50,with,medium,2060,cba,0.034225038099122966,Avoided Damages|% GDP
MIMOSA,World,50,with,medium,2065,cba,0.043503002743483565,Avoided Damages|% GDP
MIMOSA,World,50,with,medium,2070,cba,0.054202354998333535,Avoided Damages|% GDP
MIMOSA,World,50,with,medium,2075,cba,0.06637759555915677,Avoided Damages|% GDP
MIMOSA,World,50,with,medium,2080,cba,0.08006000283740106,Avoided Damages|% GDP
MIMOSA,World,50,with,medium,2085,cba,0.09519808812329449,Avoided Damages|% GDP
MIMOSA,World,50,with,medium,2090,cba,0.11183843295427132,Avoided Damages|% GDP
MIMOSA,World,50,with,medium,2095,cba,0.1300233367569384,Avoided Damages|% GDP
MIMOSA,World,50,with,medium,2100,cba,0.1495982786247432,Avoided Damages|% GDP
MIMOSA,World,50,with,medium,2105,cba,0.16838540286207868,Avoided Damages|% GDP
MIMOSA,World,50,with,medium,2110,cba,0.18920533883230503,Avoided Damages|% GDP
MIMOSA,World,50,with,medium,2115,cba,0.21044453780185696,Avoided Damages|% GDP
MIMOSA,World,50,with,medium,2120,cba,0.23199212598808222,Avoided Damages|% GDP
MIMOSA,World,50,with,medium,2125,cba,0.2537580079815643,Avoided Damages|% GDP
MIMOSA,World,50,with,medium,2130,cba,0.27560965244079855,Avoided Damages|% GDP
MIMOSA,World,50,with,medium,2135,cba,0.2973572621470137,Avoided Damages|% GDP
MIMOSA,World,50,with,medium,2140,cba,0.3188869559490133,Avoided Damages|% GDP
MIMOSA,World,50,with,medium,2145,cba,0.34006418102488906,Avoided Damages|% GDP
MIMOSA,World,50,with,medium,2150,cba,0.36066459347613716,Avoided Damages|% GDP
MIMOSA,World,95,with,high,2020,cba,0.0,Avoided Damages|% GDP
MIMOSA,World,95,with,high,2025,cba,0.0015425466392549462,Avoided Damages|% GDP
MIMOSA,World,95,with,high,2030,cba,0.004996831258236739,Avoided Damages|% GDP
MIMOSA,World,95,with,high,2035,cba,0.010463679634248806,Avoided Damages|% GDP
MIMOSA,World,95,with,high,2040,cba,0.017281371724702014,Avoided Damages|% GDP
MIMOSA,World,95,with,high,2045,cba,0.025705078603817592,Avoided Damages|% GDP
MIMOSA,World,95,with,high,2050,cba,0.03602929872834101,Avoided Damages|% GDP
MIMOSA,World,95,with,high,2055,cba,0.04826887160530446,Avoided Damages|% GDP
MIMOSA,World,95,with,high,2060,cba,0.06241607126310379,Avoided Damages|% GDP
MIMOSA,World,95,with,high,2065,cba,0.0785513188213159,Avoided Damages|% GDP
MIMOSA,World,95,with,high,2070,cba,0.09675343708623446,Avoided Damages|% GDP
MIMOSA,World,95,with,high,2075,cba,0.1170137564165973,Avoided Damages|% GDP
MIMOSA,World,95,with,high,2080,cba,0.13923588478031046,Avoided Damages|% GDP
MIMOSA,World,95,with,high,2085,cba,0.1632440868635215,Avoided Damages|% GDP
MIMOSA,World,95,with,high,2090,cba,0.1889655928700777,Avoided Damages|% GDP
MIMOSA,World,95,with,high,2095,cba,0.21638549618236966,Avoided Damages|% GDP
MIMOSA,World,95,with,high,2100,cba,0.24522041344851161,Avoided Damages|% GDP
MIMOSA,World,95,with,high,2105,cba,0.27369662250672494,Avoided Damages|% GDP
MIMOSA,World,95,with,high,2110,cba,0.30304383278914776,Avoided Damages|% GDP
MIMOSA,World,95,with,high,2115,cba,0.33224071958335627,Avoided Damages|% GDP
MIMOSA,World,95,with,high,2120,cba,0.36112420083553276,Avoided Damages|% GDP
MIMOSA,World,95,with,high,2125,cba,0.38955398135033065,Avoided Damages|% GDP
MIMOSA,World,95,with,high,2130,cba,0.4173090816043592,Avoided Damages|% GDP
MIMOSA,World,95,with,high,2135,cba,0.44418814113546057,Avoided Damages|% GDP
MIMOSA,World,95,with,high,2140,cba,0.47006122953177026,Avoided Damages|% GDP
MIMOSA,World,95,with,high,2145,cba,0.4947796538753464,Avoided Damages|% GDP
MIMOSA,World,95,with,high,2150,cba,0.5181593945652376,Avoided Damages|% GDP
MIMOSA,World,95,with,low,2020,cba,0.0,Avoided Damages|% GDP
MIMOSA,World,95,with,low,2025,cba,0.001629577743728361,Avoided Damages|% GDP
MIMOSA,World,95,with,low,2030,cba,0.0055177164093377215,Avoided Damages|% GDP
MIMOSA,World,95,with,low,2035,cba,0.011993867620171314,Avoided Damages|% GDP
MIMOSA,World,95,with,low,2040,cba,0.021382237906095187,Avoided Damages|% GDP
MIMOSA,World,95,with,low,2045,cba,0.03316656432109886,Avoided Damages|% GDP
MIMOSA,World,95,with,low,2050,cba,0.04633615584839373,Avoided Damages|% GDP
MIMOSA,World,95,with,low,2055,cba,0.06145967564852099,Avoided Damages|% GDP
MIMOSA,World,95,with,low,2060,cba,0.07850360001863879,Avoided Damages|% GDP
MIMOSA,World,95,with,low,2065,cba,0.09751130267102504,Avoided Damages|% GDP
MIMOSA,World,95,with,low,2070,cba,0.11848184205131615,Avoided Damages|% GDP
MIMOSA,World,95,with,low,2075,cba,0.1413454882021748,Avoided Damages|% GDP
MIMOSA,World,95,with,low,2080,cba,0.16589282912696107,Avoided Damages|% GDP
MIMOSA,World,95,with,low,2085,cba,0.19189616247954222,Avoided Damages|% GDP
MIMOSA,World,95,with,low,2090,cba,0.21922316525040386,Avoided Damages|% GDP
MIMOSA,World,95,with,low,2095,cba,0.24783984902615186,Avoided Damages|% GDP
MIMOSA,World,95,with,low,2100,cba,0.2773915833437707,Avoided Damages|% GDP
MIMOSA,World,95,with,low,2105,cba,0.301112653829828,Avoided Damages|% GDP
MIMOSA,World,95,with,low,2110,cba,0.33034420386895613,Avoided Damages|% GDP
MIMOSA,World,95,with,low,2115,cba,0.35928155357766994,Avoided Damages|% GDP
MIMOSA,World,95,with,low,2120,cba,0.387765155103049,Avoided Damages|% GDP
MIMOSA,World,95,with,low,2125,cba,0.4156823691334522,Avoided Damages|% GDP
MIMOSA,World,95,with,low,2130,cba,0.4428367715384048,Avoided Damages|% GDP
MIMOSA,World,95,with,low,2135,cba,0.46908634445660136,Avoided Damages|% GDP
MIMOSA,World,95,with,low,2140,cba,0.49427172718177603,Avoided Damages|% GDP
MIMOSA,World,95,with,low,2145,cba,0.5183016441227057,Avoided Damages|% GDP
MIMOSA,World,95,with,low,2150,cba,0.5409872066785498,Avoided Damages|% GDP
MIMOSA,World,95,with,medium,2020,cba,0.0,Avoided Damages|% GDP
MIMOSA,World,95,with,medium,2025,cba,0.001595122784762342,Avoided Damages|% GDP
MIMOSA,World,95,with,medium,2030,cba,0.005262866885493057,Avoided Damages|% GDP
MIMOSA,World,95,with,medium,2035,cba,0.011276856819363806,Avoided Damages|% GDP
MIMOSA,World,95,with,medium,2040,cba,0.019535325801598325,Avoided Damages|% GDP
MIMOSA,World,95,with,medium,2045,cba,0.02910534496096851,Avoided Damages|% GDP
MIMOSA,World,95,with,medium,2050,cba,0.040665455057587375,Avoided Damages|% GDP
MIMOSA,World,95,with,medium,2055,cba,0.05421532094182441,Avoided Damages|% GDP
MIMOSA,World,95,with,medium,2060,cba,0.06973414374707441,Avoided Damages|% GDP
MIMOSA,World,95,with,medium,2065,cba,0.08725228289371348,Avoided Damages|% GDP
MIMOSA,World,95,with,medium,2070,cba,0.10682261676414156,Avoided Damages|% GDP
MIMOSA,World,95,with,medium,2075,cba,0.1284123875944747,Avoided Damages|% GDP
MIMOSA,World,95,with,medium,2080,cba,0.1518647571456977,Avoided Damages|% GDP
MIMOSA,World,95,with,medium,2085,cba,0.17696668967205487,Avoided Damages|% GDP
MIMOSA,World,95,with,medium,2090,cba,0.20363002839914102,Avoided Damages|% GDP
MIMOSA,World,95,with,medium,2095,cba,0.2318014927862612,Avoided Damages|% GDP
MIMOSA,World,95,with,medium,2100,cba,0.26118051124585856,Avoided Damages|% GDP
MIMOSA,World,95,with,medium,2105,cba,0.28781612435803966,Avoided Damages|% GDP
MIMOSA,World,95,with,medium,2110,cba,0.3172095570320563,Avoided Damages|% GDP
MIMOSA,World,95,with,medium,2115,cba,0.3463968606677978,Avoided Damages|% GDP
MIMOSA,World,95,with,medium,2120,cba,0.3751884412095555,Avoided Damages|% GDP
MIMOSA,World,95,with,medium,2125,cba,0.4034428841265878,Avoided Damages|% GDP
MIMOSA,World,95,with,medium,2130,cba,0.4309886096794346,Avoided Damages|% GDP
MIMOSA,World,95,with,medium,2135,cba,0.45762679778678417,Avoided Damages|% GDP
MIMOSA,World,95,with,medium,2140,cba,0.4832159885376339,Avoided Damages|% GDP
MIMOSA,World,95,with,medium,2145,cba,0.507652286567612,Avoided Damages|% GDP
MIMOSA,World,95,with,medium,2150,cba,0.5307218715770189,Avoided Damages|% GDP
REMIND,World,5,with,high,2020,cba,-0.0002829754735980848,Avoided Damages|% GDP
REMIND,World,5,with,high,2025,cba,-0.00010349860433631216,Avoided Damages|% GDP
REMIND,World,5,with,high,2030,cba,-0.0001363856619336887,Avoided Damages|% GDP
REMIND,World,5,with,high,2035,cba,8.541861522909763e-05,Avoided Damages|% GDP
REMIND,World,5,with,high,2040,cba,-0.00021122125404587683,Avoided Damages|% GDP
REMIND,World,5,with,high,2045,cba,-0.0023321302494364723,Avoided Damages|% GDP
REMIND,World,5,with,high,2050,cba,-0.0044307977175840185,Avoided Damages|% GDP
REMIND,World,5,with,high,2055,cba,-0.005101035610596783,Avoided Damages|% GDP
REMIND,World,5,with,high,2060,cba,-0.004625324992984272,Avoided Damages|% GDP
REMIND,World,5,with,high,2070,cba,-0.0053577210012400595,Avoided Damages|% GDP
REMIND,World,5,with,high,2080,cba,-0.003971911813315563,Avoided Damages|% GDP
REMIND,World,5,with,high,2090,cba,-0.0011581142461092476,Avoided Damages|% GDP
REMIND,World,5,with,high,2100,cba,0.0007189869629512833,Avoided Damages|% GDP
REMIND,World,5,with,high,2110,cba,0.0013741769198326497,Avoided Damages|% GDP
REMIND,World,5,with,high,2130,cba,0.0019936118895268464,Avoided Damages|% GDP
REMIND,World,5,with,high,2150,cba,0.0036288369007005735,Avoided Damages|% GDP
REMIND,World,5,with,medium,2020,cba,-0.0002668066721820855,Avoided Damages|% GDP
REMIND,World,5,with,medium,2025,cba,0.00017190126618179966,Avoided Damages|% GDP
REMIND,World,5,with,medium,2030,cba,5.013643073818237e-05,Avoided Damages|% GDP
REMIND,World,5,with,medium,2035,cba,-0.00039689448249507635,Avoided Damages|% GDP
REMIND,World,5,with,medium,2040,cba,-0.001971916077909539,Avoided Damages|% GDP
REMIND,World,5,with,medium,2045,cba,-0.0042713660587769976,Avoided Damages|% GDP
REMIND,World,5,with,medium,2050,cba,-0.004850548553430185,Avoided Damages|% GDP
REMIND,World,5,with,medium,2055,cba,-0.004540239179007268,Avoided Damages|% GDP
REMIND,World,5,with,medium,2060,cba,-0.004900467540916557,Avoided Damages|% GDP
REMIND,World,5,with,medium,2070,cba,-0.004679824252314748,Avoided Damages|% GDP
REMIND,World,5,with,medium,2080,cba,-0.003303262505757428,Avoided Damages|% GDP
REMIND,World,5,with,medium,2090,cba,-0.002045349924660952,Avoided Damages|% GDP
REMIND,World,5,with,medium,2100,cba,-0.00032848648458144063,Avoided Damages|% GDP
REMIND,World,5,with,medium,2110,cba,-0.00013609094900592715,Avoided Damages|% GDP
REMIND,World,5,with,medium,2130,cba,0.001339313798063199,Avoided Damages|% GDP
REMIND,World,5,with,medium,2150,cba,0.002655488830124284,Avoided Damages|% GDP
REMIND,World,50,with,high,2020,cba,-0.0004802847171061464,Avoided Damages|% GDP
REMIND,World,50,with,high,2025,cba,0.0017424990938990294,Avoided Damages|% GDP
REMIND,World,50,with,high,2030,cba,0.004383898004830885,Avoided Damages|% GDP
REMIND,World,50,with,high,2035,cba,0.0060878715489558295,Avoided Damages|% GDP
REMIND,World,50,with,high,2040,cba,0.007158443315895607,Avoided Damages|% GDP
REMIND,World,50,with,high,2045,cba,0.005915859140040274,Avoided Damages|% GDP
REMIND,World,50,with,high,2050,cba,0.005773820397552832,Avoided Damages|% GDP
REMIND,World,50,with,high,2055,cba,0.007742054014282799,Avoided Damages|% GDP
REMIND,World,50,with,high,2060,cba,0.011498951641144648,Avoided Damages|% GDP
REMIND,World,50,with,high,2070,cba,0.020987442237384055,Avoided Damages|% GDP
REMIND,World,50,with,high,2080,cba,0.03649869208440338,Avoided Damages|% GDP
REMIND,World,50,with,high,2090,cba,0.057323397582371365,Avoided Damages|% GDP
REMIND,World,50,with,high,2100,cba,0.07695093039075576,Avoided Damages|% GDP
REMIND,World,50,with,high,2110,cba,0.0923033472899125,Avoided Damages|% GDP
REMIND,World,50,with,high,2130,cba,0.1278635596209327,Avoided Damages|% GDP
REMIND,World,50,with,high,2150,cba,0.16522690479818594,Avoided Damages|% GDP
REMIND,World,50,with,medium,2020,cba,-0.00011452917473365096,Avoided Damages|% GDP
REMIND,World,50,with,medium,2025,cba,-2.870991615092578e-05,Avoided Damages|% GDP
REMIND,World,50,with,medium,2030,cba,7.553785933422455e-05,Avoided Damages|% GDP
REMIND,World,50,with,medium,2035,cba,0.00012378747354782233,Avoided Damages|% GDP
REMIND,World,50,with,medium,2040,cba,-0.00011824934146366793,Avoided Damages|% GDP
REMIND,World,50,with,medium,2045,cba,0.00021471329737387742,Avoided Damages|% GDP
REMIND,World,50,with,medium,2050,cba,0.0027248246443027546,Avoided Damages|% GDP
REMIND,World,50,with,medium,2055,cba,0.00685919285548281,Avoided Damages|% GDP
REMIND,World,50,with,medium,2060,cba,0.01086381195203715,Avoided Damages|% GDP
REMIND,World,50,with,medium,2070,cba,0.02221616336451615,Avoided Damages|% GDP
REMIND,World,50,with,medium,2080,cba,0.037217432129285015,Avoided Damages|% GDP
REMIND,World,50,with,medium,2090,cba,0.055030469746219404,Avoided Damages|% GDP
REMIND,World,50,with,medium,2100,cba,0.07358294997157505,Avoided Damages|% GDP
REMIND,World,50,with,medium,2110,cba,0.08805940504942361,Avoided Damages|% GDP
REMIND,World,50,with,medium,2130,cba,0.12381196406189747,Avoided Damages|% GDP
REMIND,World,50,with,medium,2150,cba,0.16015674443026606,Avoided Damages|% GDP
REMIND,World,95,with,high,2020,cba,-0.0005138134705781678,Avoided Damages|% GDP
REMIND,World,95,with,high,2025,cba,0.00398281911760955,Avoided Damages|% GDP
REMIND,World,95,with,high,2030,cba,0.008410545888200945,Avoided Damages|% GDP
REMIND,World,95,with,high,2035,cba,0.009278831138445133,Avoided Damages|% GDP
REMIND,World,95,with,high,2040,cba,0.010485433986099331,Avoided Damages|% GDP
REMIND,World,95,with,high,2045,cba,0.012353149646611232,Avoided Damages|% GDP
REMIND,World,95,with,high,2050,cba,0.016323139840362905,Avoided Damages|% GDP
REMIND,World,95,with,high,2055,cba,0.022879209204109015,Avoided Damages|% GDP
REMIND,World,95,with,high,2060,cba,0.031720171028138795,Avoided Damages|% GDP
REMIND,World,95,with,high,2070,cba,0.05221153054653166,Avoided Damages|% GDP
REMIND,World,95,with,high,2080,cba,0.08262445071831011,Avoided Damages|% GDP
REMIND,World,95,with,high,2090,cba,0.12093079008151064,Avoided Damages|% GDP
REMIND,World,95,with,high,2100,cba,0.15615127017692687,Avoided Damages|% GDP
REMIND,World,95,with,high,2110,cba,0.18243506095908624,Avoided Damages|% GDP
REMIND,World,95,with,high,2130,cba,0.24684038666617394,Avoided Damages|% GDP
REMIND,World,95,with,high,2150,cba,0.31121974570569727,Avoided Damages|% GDP
REMIND,World,95,with,medium,2020,cba,2.980483754817973e-05,Avoided Damages|% GDP
REMIND,World,95,with,medium,2025,cba,-0.0006753910131976281,Avoided Damages|% GDP
REMIND,World,95,with,medium,2030,cba,-0.000995251121355275,Avoided Damages|% GDP
REMIND,World,95,with,medium,2035,cba,0.0005717627078956201,Avoided Damages|% GDP
REMIND,World,95,with,medium,2040,cba,0.0027369741220128964,Avoided Damages|% GDP
REMIND,World,95,with,medium,2045,cba,0.005711662907399226,Avoided Damages|% GDP
REMIND,World,95,with,medium,2050,cba,0.011934406396077606,Avoided Damages|% GDP
REMIND,World,95,with,medium,2055,cba,0.02072744034102597,Avoided Damages|% GDP
REMIND,World,95,with,medium,2060,cba,0.029678727962565942,Avoided Damages|% GDP
REMIND,World,95,with,medium,2070,cba,0.052234447271926214,Avoided Damages|% GDP
REMIND,World,95,with,medium,2080,cba,0.08083643165115739,Avoided Damages|% GDP
REMIND,World,95,with,medium,2090,cba,0.11394666288431589,Avoided Damages|% GDP
REMIND,World,95,with,medium,2100,cba,0.1468792802709115,Avoided Damages|% GDP
REMIND,World,95,with,medium,2110,cba,0.17286205047618453,Avoided Damages|% GDP
REMIND,World,95,with,medium,2130,cba,0.23678017665433276,Avoided Damages|% GDP
REMIND,World,95,with,medium,2150,cba,0.3003538360741155,Avoided Damages|% GDP
WITCH,World,5,with,low,2020,cba,-0.0004508140227661,Avoided Damages|% GDP
WITCH,World,5,with,low,2025,cba,-4.6350815455060805e-05,Avoided Damages|% GDP
WITCH,World,5,with,low,2030,cba,-0.0003646151687298001,Avoided Damages|% GDP
WITCH,World,5,with,low,2035,cba,-0.00048157082064730013,Avoided Damages|% GDP
WITCH,World,5,with,low,2040,cba,-0.0005039936841387,Avoided Damages|% GDP
WITCH,World,5,with,low,2045,cba,-0.0005134367815656001,Avoided Damages|% GDP
WITCH,World,5,with,low,2050,cba,-0.00046805981605000014,Avoided Damages|% GDP
WITCH,World,5,with,low,2060,cba,-0.0003001725526945997,Avoided Damages|% GDP
WITCH,World,5,with,low,2070,cba,0.00019345469954430017,Avoided Damages|% GDP
WITCH,World,5,with,low,2080,cba,0.0008739710032102999,Avoided Damages|% GDP
WITCH,World,5,with,low,2090,cba,0.0013127187589832,Avoided Damages|% GDP
WITCH,World,5,with,low,2100,cba,0.0016991991708169,Avoided Damages|% GDP
WITCH,World,5,with,low,2110,cba,0.0024532813117999004,Avoided Damages|% GDP
WITCH,World,5,with,low,2120,cba,0.0033575445868843,Avoided Damages|% GDP
WITCH,World,5,with,low,2130,cba,0.004192496181103601,Avoided Damages|% GDP
WITCH,World,5,with,low,2140,cba,0.0048420016321677,Avoided Damages|% GDP
WITCH,World,5,with,low,2150,cba,0.0052178914642495,Avoided Damages|% GDP
WITCH,World,5,with,medium,2020,cba,-0.0004859261383039,Avoided Damages|% GDP
WITCH,World,5,with,medium,2025,cba,-0.00021157955187340002,Avoided Damages|% GDP
WITCH,World,5,with,medium,2030,cba,-0.00023015891530039993,Avoided Damages|% GDP
WITCH,World,5,with,medium,2035,cba,-0.00035677289653040015,Avoided Damages|% GDP
WITCH,World,5,with,medium,2040,cba,-0.00043732496447540016,Avoided Damages|% GDP
WITCH,World,5,with,medium,2045,cba,-0.0004891180282142998,Avoided Damages|% GDP
WITCH,World,5,with,medium,2050,cba,-0.0005092438456061999,Avoided Damages|% GDP
WITCH,World,5,with,medium,2060,cba,-0.00046384186385650005,Avoided Damages|% GDP
WITCH,World,5,with,medium,2070,cba,-0.00010268232298060005,Avoided Damages|% GDP
WITCH,World,5,with,medium,2080,cba,0.00029094993567339996,Avoided Damages|% GDP
WITCH,World,5,with,medium,2090,cba,0.0008467317543094,Avoided Damages|% GDP
WITCH,World,5,with,medium,2100,cba,0.0015971544166601998,Avoided Damages|% GDP
WITCH,World,5,with,medium,2110,cba,0.0026010522963723,Avoided Damages|% GDP
WITCH,World,5,with,medium,2120,cba,0.0036562546389243,Avoided Damages|% GDP
WITCH,World,5,with,medium,2130,cba,0.0045409336585762,Avoided Damages|% GDP
WITCH,World,5,with,medium,2140,cba,0.0049486078407125,Avoided Damages|% GDP
WITCH,World,5,with,medium,2150,cba,0.0008425671283121995,Avoided Damages|% GDP
WITCH,World,50,with,high,2020,cba,-0.0004896961546893,Avoided Damages|% GDP
WITCH,World,50,with,high,2025,cba,-0.0005420194225518097,Avoided Damages|% GDP
WITCH,World,50,with,high,2030,cba,0.00012180121051440437,Avoided Damages|% GDP
WITCH,World,50,with,high,2035,cba,0.0014294332709226516,Avoided Damages|% GDP
WITCH,World,50,with,high,2040,cba,0.0031681826136500672,Avoided Damages|% GDP
WITCH,World,50,with,high,2045,cba,0.0055254432995576145,Avoided Damages|% GDP
WITCH,World,50,with,high,2050,cba,0.008319429268396612,Avoided Damages|% GDP
WITCH,World,50,with,high,2060,cba,0.015128888606330364,Avoided Damages|% GDP
WITCH,World,50,with,high,2070,cba,0.02299787166719682,Avoided Damages|% GDP
WITCH,World,50,with,high,2080,cba,0.03172673144982281,Avoided Damages|% GDP
WITCH,World,50,with,high,2090,cba,0.0418983325525586,Avoided Damages|% GDP
WITCH,World,50,with,high,2100,cba,0.052915124490552176,Avoided Damages|% GDP
WITCH,World,50,with,high,2110,cba,0.06440717442035832,Avoided Damages|% GDP
WITCH,World,50,with,high,2120,cba,0.07583258878230337,Avoided Damages|% GDP
WITCH,World,50,with,high,2130,cba,0.08690199784261456,Avoided Damages|% GDP
WITCH,World,50,with,high,2140,cba,0.09775006776229023,Avoided Damages|% GDP
WITCH,World,50,with,high,2150,cba,0.09512821686484858,Avoided Damages|% GDP
WITCH,World,50,with,low,2020,cba,-0.0004508140227661,Avoided Damages|% GDP
WITCH,World,50,with,low,2025,cba,-0.007158134888887084,Avoided Damages|% GDP
WITCH,World,50,with,low,2030,cba,-0.005685413761290108,Avoided Damages|% GDP
WITCH,World,50,with,low,2035,cba,-0.0014087141709135048,Avoided Damages|% GDP
WITCH,World,50,with,low,2040,cba,0.004001844280724826,Avoided Damages|% GDP
WITCH,World,50,with,low,2045,cba,0.009704347521763657,Avoided Damages|% GDP
WITCH,World,50,with,low,2050,cba,0.014826292969409769,Avoided Damages|% GDP
WITCH,World,50,with,low,2060,cba,0.024720626676028513,Avoided Damages|% GDP
WITCH,World,50,with,low,2070,cba,0.03564928011167393,Avoided Damages|% GDP
WITCH,World,50,with,low,2080,cba,0.047361365596008384,Avoided Damages|% GDP
WITCH,World,50,with,low,2090,cba,0.058813688190541155,Avoided Damages|% GDP
WITCH,World,50,with,low,2100,cba,0.07024411514723988,Avoided Damages|% GDP
WITCH,World,50,with,low,2110,cba,0.08205455922773319,Avoided Damages|% GDP
WITCH,World,50,with,low,2120,cba,0.09348897500511008,Avoided Damages|% GDP
WITCH,World,50,with,low,2130,cba,0.10454608086364617,Avoided Damages|% GDP
WITCH,World,50,with,low,2140,cba,0.11526167658519,Avoided Damages|% GDP
WITCH,World,50,with,low,2150,cba,0.12548101575177623,Avoided Damages|% GDP
WITCH,World,50,with,medium,2020,cba,-0.0004859261383039,Avoided Damages|% GDP
WITCH,World,50,with,medium,2025,cba,-0.0018446278775324358,Avoided Damages|% GDP
WITCH,World,50,with,medium,2030,cba,-0.0009675650789952091,Avoided Damages|% GDP
WITCH,World,50,with,medium,2035,cba,0.0015038138809384245,Avoided Damages|% GDP
WITCH,World,50,with,medium,2040,cba,0.004558457249904154,Avoided Damages|% GDP
WITCH,World,50,with,medium,2045,cba,0.008086421442630103,Avoided Damages|% GDP
WITCH,World,50,with,medium,2050,cba,0.011873015087269359,Avoided Damages|% GDP
WITCH,World,50,with,medium,2060,cba,0.019967795920182347,Avoided Damages|% GDP
WITCH,World,50,with,medium,2070,cba,0.02932695616508414,Avoided Damages|% GDP
WITCH,World,50,with,medium,2080,cba,0.039545813433190094,Avoided Damages|% GDP
WITCH,World,50,with,medium,2090,cba,0.05097597887879403,Avoided Damages|% GDP
WITCH,World,50,with,medium,2100,cba,0.063115696672753,Avoided Damages|% GDP
WITCH,World,50,with,medium,2110,cba,0.0758089120277713,Avoided Damages|% GDP
WITCH,World,50,with,medium,2120,cba,0.0885843189080936,Avoided Damages|% GDP
WITCH,World,50,with,medium,2130,cba,0.1008275429465546,Avoided Damages|% GDP
WITCH,World,50,with,medium,2140,cba,0.11231656327587507,Avoided Damages|% GDP
WITCH,World,50,with,medium,2150,cba,0.11882445220814322,Avoided Damages|% GDP
WITCH,World,95,with,high,2020,cba,-0.0004896961546893,Avoided Damages|% GDP
WITCH,World,95,with,high,2025,cba,-0.0015167068082564033,Avoided Damages|% GDP
WITCH,World,95,with,high,2030,cba,-0.0001133657664739423,Avoided Damages|% GDP
WITCH,World,95,with,high,2035,cba,0.0037870830425169623,Avoided Damages|% GDP
WITCH,World,95,with,high,2040,cba,0.008943212112819954,Avoided Damages|% GDP
WITCH,World,95,with,high,2045,cba,0.014988467860077532,Avoided Damages|% GDP
WITCH,World,95,with,high,2050,cba,0.021493374885004232,Avoided Damages|% GDP
WITCH,World,95,with,high,2060,cba,0.035848044884040926,Avoided Damages|% GDP
WITCH,World,95,with,high,2070,cba,0.05161227592047978,Avoided Damages|% GDP
WITCH,World,95,with,high,2080,cba,0.0693217496752112,Avoided Damages|% GDP
WITCH,World,95,with,high,2090,cba,0.08823240923986864,Avoided Damages|% GDP
WITCH,World,95,with,high,2100,cba,0.10772451053395417,Avoided Damages|% GDP
WITCH,World,95,with,high,2110,cba,0.1277379753056236,Avoided Damages|% GDP
WITCH,World,95,with,high,2120,cba,0.14679737978853094,Avoided Damages|% GDP
WITCH,World,95,with,high,2130,cba,0.1652833823018023,Avoided Damages|% GDP
WITCH,World,95,with,high,2140,cba,0.1830107585929665,Avoided Damages|% GDP
WITCH,World,95,with,high,2150,cba,0.18764550507101035,Avoided Damages|% GDP
WITCH,World,95,with,low,2020,cba,-0.0004508140227661,Avoided Damages|% GDP
WITCH,World,95,with,low,2025,cba,-0.006654106498311446,Avoided Damages|% GDP
WITCH,World,95,with,low,2030,cba,-0.00469162384839596,Avoided Damages|% GDP
WITCH,World,95,with,low,2035,cba,0.002645854299029473,Avoided Damages|% GDP
WITCH,World,95,with,low,2040,cba,0.01153466532786723,Avoided Damages|% GDP
WITCH,World,95,with,low,2045,cba,0.020060376623442098,Avoided Damages|% GDP
WITCH,World,95,with,low,2050,cba,0.028384239359980058,Avoided Damages|% GDP
WITCH,World,95,with,low,2060,cba,0.04477962956180701,Avoided Damages|% GDP
WITCH,World,95,with,low,2070,cba,0.06267982340410722,Avoided Damages|% GDP
WITCH,World,95,with,low,2080,cba,0.08110763706940821,Avoided Damages|% GDP
WITCH,World,95,with,low,2090,cba,0.09881158956642752,Avoided Damages|% GDP
WITCH,World,95,with,low,2100,cba,0.1168230231371152,Avoided Damages|% GDP
WITCH,World,95,with,low,2110,cba,0.1349257717517231,Avoided Damages|% GDP
WITCH,World,95,with,low,2120,cba,0.15231075699697416,Avoided Damages|% GDP
WITCH,World,95,with,low,2130,cba,0.16954506315282952,Avoided Damages|% GDP
WITCH,World,95,with,low,2140,cba,0.18719707393836607,Avoided Damages|% GDP
WITCH,World,95,with,low,2150,cba,0.20474011505780276,Avoided Damages|% GDP
WITCH,World,95,with,medium,2020,cba,-0.0004859261383039,Avoided Damages|% GDP
WITCH,World,95,with,medium,2025,cba,-0.003566357397041565,Avoided Damages|% GDP
WITCH,World,95,with,medium,2030,cba,-0.0018786793626479415,Avoided Damages|% GDP
WITCH,World,95,with,medium,2035,cba,0.004247126788163727,Avoided Damages|% GDP
WITCH,World,95,with,medium,2040,cba,0.01161070623920187,Avoided Damages|% GDP
WITCH,World,95,with,medium,2045,cba,0.01956037994734447,Avoided Damages|% GDP
WITCH,World,95,with,medium,2050,cba,0.02726151176451592,Avoided Damages|% GDP
WITCH,World,95,with,medium,2060,cba,0.042645754890170855,Avoided Damages|% GDP
WITCH,World,95,with,medium,2070,cba,0.05957813081667817,Avoided Damages|% GDP
WITCH,World,95,with,medium,2080,cba,0.07818366271363873,Avoided Damages|% GDP
WITCH,World,95,with,medium,2090,cba,0.09765448276568019,Avoided Damages|% GDP
WITCH,World,95,with,medium,2100,cba,0.11781701793027714,Avoided Damages|% GDP
WITCH,World,95,with,medium,2110,cba,0.13816670225664712,Avoided Damages|% GDP
WITCH,World,95,with,medium,2120,cba,0.1577749107190352,Avoided Damages|% GDP
WITCH,World,95,with,medium,2130,cba,0.17649950303303624,Avoided Damages|% GDP
WITCH,World,95,with,medium,2140,cba,0.19490211740011676,Avoided Damages|% GDP
WITCH,World,95,with,medium,2150,cba,0.20890238908349343,Avoided Damages|% GDP
MIMOSA,World,5,with,high,2020,cba,0.0,Policy Cost|% GDP
MIMOSA,World,5,with,high,2025,cba,0.0002434472325260161,Policy Cost|% GDP
MIMOSA,World,5,with,high,2030,cba,0.00035840430221542233,Policy Cost|% GDP
MIMOSA,World,5,with,high,2035,cba,0.000500226708782765,Policy Cost|% GDP
MIMOSA,World,5,with,high,2040,cba,0.0006571190180490949,Policy Cost|% GDP
MIMOSA,World,5,with,high,2045,cba,0.0008112950217904572,Policy Cost|% GDP
MIMOSA,World,5,with,high,2050,cba,0.0009811653559621805,Policy Cost|% GDP
MIMOSA,World,5,with,high,2055,cba,0.0011205127417960648,Policy Cost|% GDP
MIMOSA,World,5,with,high,2060,cba,0.001296257507857028,Policy Cost|% GDP
MIMOSA,World,5,with,high,2065,cba,0.001488771643813537,Policy Cost|% GDP
MIMOSA,World,5,with,high,2070,cba,0.0016697267243148337,Policy Cost|% GDP
MIMOSA,World,5,with,high,2075,cba,0.001859335411169548,Policy Cost|% GDP
MIMOSA,World,5,with,high,2080,cba,0.0020503822114392224,Policy Cost|% GDP
MIMOSA,World,5,with,high,2085,cba,0.00224861256070815,Policy Cost|% GDP
MIMOSA,World,5,with,high,2090,cba,0.0024511073834794193,Policy Cost|% GDP
MIMOSA,World,5,with,high,2095,cba,0.0026791370463518653,Policy Cost|% GDP
MIMOSA,World,5,with,high,2100,cba,0.0029138705103508742,Policy Cost|% GDP
MIMOSA,World,5,with,high,2105,cba,0.0027866770044864815,Policy Cost|% GDP
MIMOSA,World,5,with,high,2110,cba,0.0029638958709900273,Policy Cost|% GDP
MIMOSA,World,5,with,high,2115,cba,0.003073249355162411,Policy Cost|% GDP
MIMOSA,World,5,with,high,2120,cba,0.0031139084696983673,Policy Cost|% GDP
MIMOSA,World,5,with,high,2125,cba,0.0031141998059390375,Policy Cost|% GDP
MIMOSA,World,5,with,high,2130,cba,0.003098935880374306,Policy Cost|% GDP
MIMOSA,World,5,with,high,2135,cba,0.003085675762465481,Policy Cost|% GDP
MIMOSA,World,5,with,high,2140,cba,0.0030682365868977273,Policy Cost|% GDP
MIMOSA,World,5,with,high,2145,cba,0.0030390954769076934,Policy Cost|% GDP
MIMOSA,World,5,with,high,2150,cba,0.0030080357511010265,Policy Cost|% GDP
MIMOSA,World,5,with,low,2020,cba,0.0,Policy Cost|% GDP
MIMOSA,World,5,with,low,2025,cba,0.0013008294201859692,Policy Cost|% GDP
MIMOSA,World,5,with,low,2030,cba,0.004238459445608561,Policy Cost|% GDP
MIMOSA,World,5,with,low,2035,cba,0.00511964703091333,Policy Cost|% GDP
MIMOSA,World,5,with,low,2040,cba,0.005473331162635691,Policy Cost|% GDP
MIMOSA,World,5,with,low,2045,cba,0.005752726943702921,Policy Cost|% GDP
MIMOSA,World,5,with,low,2050,cba,0.00593769090180929,Policy Cost|% GDP
MIMOSA,World,5,with,low,2055,cba,0.006038561446595739,Policy Cost|% GDP
MIMOSA,World,5,with,low,2060,cba,0.006043878325362958,Policy Cost|% GDP
MIMOSA,World,5,with,low,2065,cba,0.006026226669777781,Policy Cost|% GDP
MIMOSA,World,5,with,low,2070,cba,0.0059872745710948345,Policy Cost|% GDP
MIMOSA,World,5,with,low,2075,cba,0.005909032335530651,Policy Cost|% GDP
MIMOSA,World,5,with,low,2080,cba,0.005823156139583042,Policy Cost|% GDP
MIMOSA,World,5,with,low,2085,cba,0.0057036107872783836,Policy Cost|% GDP
MIMOSA,World,5,with,low,2090,cba,0.005588814560610473,Policy Cost|% GDP
MIMOSA,World,5,with,low,2095,cba,0.0054935958634139415,Policy Cost|% GDP
MIMOSA,World,5,with,low,2100,cba,0.005387365078419207,Policy Cost|% GDP
MIMOSA,World,5,with,low,2105,cba,0.003658947631529486,Policy Cost|% GDP
MIMOSA,World,5,with,low,2110,cba,0.003569075950745209,Policy Cost|% GDP
MIMOSA,World,5,with,low,2115,cba,0.0035211735299678013,Policy Cost|% GDP
MIMOSA,World,5,with,low,2120,cba,0.003481261158795411,Policy Cost|% GDP
MIMOSA,World,5,with,low,2125,cba,0.003472425867080269,Policy Cost|% GDP
MIMOSA,World,5,with,low,2130,cba,0.0034430341218743914,Policy Cost|% GDP
MIMOSA,World,5,with,low,2135,cba,0.0034273249414652125,Policy Cost|% GDP
MIMOSA,World,5,with,low,2140,cba,0.0034007151364176987,Policy Cost|% GDP
MIMOSA,World,5,with,low,2145,cba,0.00336358623737065,Policy Cost|% GDP
MIMOSA,World,5,with,low,2150,cba,0.0033125013672377843,Policy Cost|% GDP
MIMOSA,World,5,with,medium,2020,cba,0.0,Policy Cost|% GDP
MIMOSA,World,5,with,medium,2025,cba,0.0006891726460164496,Policy Cost|% GDP
MIMOSA,World,5,with,medium,2030,cba,0.001282717508994159,Policy Cost|% GDP
MIMOSA,World,5,with,medium,2035,cba,0.001529557673128525,Policy Cost|% GDP
MIMOSA,World,5,with,medium,2040,cba,0.0017729412040912733,Policy Cost|% GDP
MIMOSA,World,5,with,medium,2045,cba,0.0020148328997204217,Policy Cost|% GDP
MIMOSA,World,5,with,medium,2050,cba,0.002264284656010617,Policy Cost|% GDP
MIMOSA,World,5,with,medium,2055,cba,0.0024771217801457103,Policy Cost|% GDP
MIMOSA,World,5,with,medium,2060,cba,0.0026753016278920913,Policy Cost|% GDP
MIMOSA,World,5,with,medium,2065,cba,0.002867354712255399,Policy Cost|% GDP
MIMOSA,World,5,with,medium,2070,cba,0.003052359493705974,Policy Cost|% GDP
MIMOSA,World,5,with,medium,2075,cba,0.0032245098481161766,Policy Cost|% GDP
MIMOSA,World,5,with,medium,2080,cba,0.0033790947345349294,Policy Cost|% GDP
MIMOSA,World,5,with,medium,2085,cba,0.003521976083437162,Policy Cost|% GDP
MIMOSA,World,5,with,medium,2090,cba,0.0036626024650578725,Policy Cost|% GDP
MIMOSA,World,5,with,medium,2095,cba,0.003820151733419773,Policy Cost|% GDP
MIMOSA,World,5,with,medium,2100,cba,0.003957265478507623,Policy Cost|% GDP
MIMOSA,World,5,with,medium,2105,cba,0.003293860338697977,Policy Cost|% GDP
MIMOSA,World,5,with,medium,2110,cba,0.0033492671718619764,Policy Cost|% GDP
MIMOSA,World,5,with,medium,2115,cba,0.0033536236977652206,Policy Cost|% GDP
MIMOSA,World,5,with,medium,2120,cba,0.00334759798142862,Policy Cost|% GDP
MIMOSA,World,5,with,medium,2125,cba,0.0033294534436974508,Policy Cost|% GDP
MIMOSA,World,5,with,medium,2130,cba,0.0033207904084461798,Policy Cost|% GDP
MIMOSA,World,5,with,medium,2135,cba,0.0033018251244197054,Policy Cost|% GDP
MIMOSA,World,5,with,medium,2140,cba,0.003283423818740138,Policy Cost|% GDP
MIMOSA,World,5,with,medium,2145,cba,0.003250321849591456,Policy Cost|% GDP
MIMOSA,World,5,with,medium,2150,cba,0.003205486374787605,Policy Cost|% GDP
MIMOSA,World,50,with,high,2020,cba,0.0,Policy Cost|% GDP
MIMOSA,World,50,with,high,2025,cba,0.0015186136762246872,Policy Cost|% GDP
MIMOSA,World,50,with,high,2030,cba,0.007907086347023824,Policy Cost|% GDP
MIMOSA,World,50,with,high,2035,cba,0.012480764684739456,Policy Cost|% GDP
MIMOSA,World,50,with,high,2040,cba,0.013932794313075439,Policy Cost|% GDP
MIMOSA,World,50,with,high,2045,cba,0.015239048831513656,Policy Cost|% GDP
MIMOSA,World,50,with,high,2050,cba,0.01633179162116191,Policy Cost|% GDP
MIMOSA,World,50,with,high,2055,cba,0.01714460474755419,Policy Cost|% GDP
MIMOSA,World,50,with,high,2060,cba,0.017726681482955926,Policy Cost|% GDP
MIMOSA,World,50,with,high,2065,cba,0.018214241473216684,Policy Cost|% GDP
MIMOSA,World,50,with,high,2070,cba,0.018615844705033174,Policy Cost|% GDP
MIMOSA,World,50,with,high,2075,cba,0.018911781906196124,Policy Cost|% GDP
MIMOSA,World,50,with,high,2080,cba,0.01914585225217434,Policy Cost|% GDP
MIMOSA,World,50,with,high,2085,cba,0.019342235724214937,Policy Cost|% GDP
MIMOSA,World,50,with,high,2090,cba,0.01958135640835853,Policy Cost|% GDP
MIMOSA,World,50,with,high,2095,cba,0.01992848885274636,Policy Cost|% GDP
MIMOSA,World,50,with,high,2100,cba,0.02025873243109139,Policy Cost|% GDP
MIMOSA,World,50,with,high,2105,cba,0.018923825478409737,Policy Cost|% GDP
MIMOSA,World,50,with,high,2110,cba,0.018161539761617204,Policy Cost|% GDP
MIMOSA,World,50,with,high,2115,cba,0.017502428268256084,Policy Cost|% GDP
MIMOSA,World,50,with,high,2120,cba,0.01693619227148495,Policy Cost|% GDP
MIMOSA,World,50,with,high,2125,cba,0.016429958743327356,Policy Cost|% GDP
MIMOSA,World,50,with,high,2130,cba,0.0159740556417153,Policy Cost|% GDP
MIMOSA,World,50,with,high,2135,cba,0.015570115371430516,Policy Cost|% GDP
MIMOSA,World,50,with,high,2140,cba,0.01521668334818706,Policy Cost|% GDP
MIMOSA,World,50,with,high,2145,cba,0.01489043735485837,Policy Cost|% GDP
MIMOSA,World,50,with,high,2150,cba,0.01460709720839505,Policy Cost|% GDP
MIMOSA,World,50,with,low,2020,cba,0.0,Policy Cost|% GDP
MIMOSA,World,50,with,low,2025,cba,0.002189187335128987,Policy Cost|% GDP
MIMOSA,World,50,with,low,2030,cba,0.012203968745551387,Policy Cost|% GDP
MIMOSA,World,50,with,low,2035,cba,0.029725094860322192,Policy Cost|% GDP
MIMOSA,World,50,with,low,2040,cba,0.05115911624344615,Policy Cost|% GDP
MIMOSA,World,50,with,low,2045,cba,0.05360522026987928,Policy Cost|% GDP
MIMOSA,World,50,with,low,2050,cba,0.05345138116215645,Policy Cost|% GDP
MIMOSA,World,50,with,low,2055,cba,0.05226929973121344,Policy Cost|% GDP
MIMOSA,World,50,with,low,2060,cba,0.050417831722520595,Policy Cost|% GDP
MIMOSA,World,50,with,low,2065,cba,0.04835024331519078,Policy Cost|% GDP
MIMOSA,World,50,with,low,2070,cba,0.04614590114447752,Policy Cost|% GDP
MIMOSA,World,50,with,low,2075,cba,0.0438098958390629,Policy Cost|% GDP
MIMOSA,World,50,with,low,2080,cba,0.04143654545671875,Policy Cost|% GDP
MIMOSA,World,50,with,low,2085,cba,0.03909981777871373,Policy Cost|% GDP
MIMOSA,World,50,with,low,2090,cba,0.03695627415341718,Policy Cost|% GDP
MIMOSA,World,50,with,low,2095,cba,0.03505681040327885,Policy Cost|% GDP
MIMOSA,World,50,with,low,2100,cba,0.03322072406366385,Policy Cost|% GDP
MIMOSA,World,50,with,low,2105,cba,0.022033992946030825,Policy Cost|% GDP
MIMOSA,World,50,with,low,2110,cba,0.02078944293439008,Policy Cost|% GDP
MIMOSA,World,50,with,low,2115,cba,0.019777969832277822,Policy Cost|% GDP
MIMOSA,World,50,with,low,2120,cba,0.018935183805646207,Policy Cost|% GDP
MIMOSA,World,50,with,low,2125,cba,0.018226387457200437,Policy Cost|% GDP
MIMOSA,World,50,with,low,2130,cba,0.017620565916624087,Policy Cost|% GDP
MIMOSA,World,50,with,low,2135,cba,0.017095487909420736,Policy Cost|% GDP
MIMOSA,World,50,with,low,2140,cba,0.016646829164819348,Policy Cost|% GDP
MIMOSA,World,50,with,low,2145,cba,0.01625450485653201,Policy Cost|% GDP
MIMOSA,World,50,with,low,2150,cba,0.015910543396614477,Policy Cost|% GDP
MIMOSA,World,50,with,medium,2020,cba,0.0,Policy Cost|% GDP
MIMOSA,World,50,with,medium,2025,cba,0.001851911065742902,Policy Cost|% GDP
MIMOSA,World,50,with,medium,2030,cba,0.009516298623533316,Policy Cost|% GDP
MIMOSA,World,50,with,medium,2035,cba,0.021545022851954282,Policy Cost|% GDP
MIMOSA,World,50,with,medium,2040,cba,0.026140157635245877,Policy Cost|% GDP
MIMOSA,World,50,with,medium,2045,cba,0.027667896328432588,Policy Cost|% GDP
MIMOSA,World,50,with,medium,2050,cba,0.028699645774506094,Policy Cost|% GDP
MIMOSA,World,50,with,medium,2055,cba,0.029151948897209224,Policy Cost|% GDP
MIMOSA,World,50,with,medium,2060,cba,0.029196498849854216,Policy Cost|% GDP
MIMOSA,World,50,with,medium,2065,cba,0.02905585115776129,Policy Cost|% GDP
MIMOSA,World,50,with,medium,2070,cba,0.028784554755578392,Policy Cost|% GDP
MIMOSA,World,50,with,medium,2075,cba,0.028343088645677805,Policy Cost|% GDP
MIMOSA,World,50,with,medium,2080,cba,0.027812176927247176,Policy Cost|% GDP
MIMOSA,World,50,with,medium,2085,cba,0.027237417585227304,Policy Cost|% GDP
MIMOSA,World,50,with,medium,2090,cba,0.026723298804853187,Policy Cost|% GDP
MIMOSA,World,50,with,medium,2095,cba,0.02631810475707486,Policy Cost|% GDP
MIMOSA,World,50,with,medium,2100,cba,0.025906995580646314,Policy Cost|% GDP
MIMOSA,World,50,with,medium,2105,cba,0.02062515777152546,Policy Cost|% GDP
MIMOSA,World,50,with,medium,2110,cba,0.019685429305288035,Policy Cost|% GDP
MIMOSA,World,50,with,medium,2115,cba,0.018897037661966473,Policy Cost|% GDP
MIMOSA,World,50,with,medium,2120,cba,0.018223754164392297,Policy Cost|% GDP
MIMOSA,World,50,with,medium,2125,cba,0.01763270684162158,Policy Cost|% GDP
MIMOSA,World,50,with,medium,2130,cba,0.01712734235789172,Policy Cost|% GDP
MIMOSA,World,50,with,medium,2135,cba,0.016672504620953696,Policy Cost|% GDP
MIMOSA,World,50,with,medium,2140,cba,0.016273660611909352,Policy Cost|% GDP
MIMOSA,World,50,with,medium,2145,cba,0.015924845173504867,Policy Cost|% GDP
MIMOSA,World,50,with,medium,2150,cba,0.015620664352273229,Policy Cost|% GDP
MIMOSA,World,95,with,high,2020,cba,0.0,Policy Cost|% GDP
MIMOSA,World,95,with,high,2025,cba,0.0017761003711083557,Policy Cost|% GDP
MIMOSA,World,95,with,high,2030,cba,0.009308300749223761,Policy Cost|% GDP
MIMOSA,World,95,with,high,2035,cba,0.02121715390905605,Policy Cost|% GDP
MIMOSA,World,95,with,high,2040,cba,0.026314368813407995,Policy Cost|% GDP
MIMOSA,World,95,with,high,2045,cba,0.028428258212478796,Policy Cost|% GDP
MIMOSA,World,95,with,high,2050,cba,0.030067046235014577,Policy Cost|% GDP
MIMOSA,World,95,with,high,2055,cba,0.0311236974062764,Policy Cost|% GDP
MIMOSA,World,95,with,high,2060,cba,0.03174559028928862,Policy Cost|% GDP
MIMOSA,World,95,with,high,2065,cba,0.032171109889231074,Policy Cost|% GDP
MIMOSA,World,95,with,high,2070,cba,0.0324426653277131,Policy Cost|% GDP
MIMOSA,World,95,with,high,2075,cba,0.03252806599769527,Policy Cost|% GDP
MIMOSA,World,95,with,high,2080,cba,0.032499199454574176,Policy Cost|% GDP
MIMOSA,World,95,with,high,2085,cba,0.03242479353995667,Policy Cost|% GDP
MIMOSA,World,95,with,high,2090,cba,0.03242580539049454,Policy Cost|% GDP
MIMOSA,World,95,with,high,2095,cba,0.03259975384354682,Policy Cost|% GDP
MIMOSA,World,95,with,high,2100,cba,0.03276444855621518,Policy Cost|% GDP
MIMOSA,World,95,with,high,2105,cba,0.03000229929299883,Policy Cost|% GDP
MIMOSA,World,95,with,high,2110,cba,0.02869859334510817,Policy Cost|% GDP
MIMOSA,World,95,with,high,2115,cba,0.02748801311903349,Policy Cost|% GDP
MIMOSA,World,95,with,high,2120,cba,0.02644857189642081,Policy Cost|% GDP
MIMOSA,World,95,with,high,2125,cba,0.025553699531275453,Policy Cost|% GDP
MIMOSA,World,95,with,high,2130,cba,0.024772229709451008,Policy Cost|% GDP
MIMOSA,World,95,with,high,2135,cba,0.0240911423574734,Policy Cost|% GDP
MIMOSA,World,95,with,high,2140,cba,0.02350680572343215,Policy Cost|% GDP
MIMOSA,World,95,with,high,2145,cba,0.022993427211326387,Policy Cost|% GDP
MIMOSA,World,95,with,high,2150,cba,0.022567146141566068,Policy Cost|% GDP
MIMOSA,World,95,with,low,2020,cba,0.0,Policy Cost|% GDP
MIMOSA,World,95,with,low,2025,cba,0.0023529324815666176,Policy Cost|% GDP
MIMOSA,World,95,with,low,2030,cba,0.01384127229178074,Policy Cost|% GDP
MIMOSA,World,95,with,low,2035,cba,0.03521154996022239,Policy Cost|% GDP
MIMOSA,World,95,with,low,2040,cba,0.06429159226065237,Policy Cost|% GDP
MIMOSA,World,95,with,low,2045,cba,0.08412400016895454,Policy Cost|% GDP
MIMOSA,World,95,with,low,2050,cba,0.08492333760919896,Policy Cost|% GDP
MIMOSA,World,95,with,low,2055,cba,0.08272138944304233,Policy Cost|% GDP
MIMOSA,World,95,with,low,2060,cba,0.07949725109944666,Policy Cost|% GDP
MIMOSA,World,95,with,low,2065,cba,0.07593896103326978,Policy Cost|% GDP
MIMOSA,World,95,with,low,2070,cba,0.07220506269470436,Policy Cost|% GDP
MIMOSA,World,95,with,low,2075,cba,0.06830363815696903,Policy Cost|% GDP
MIMOSA,World,95,with,low,2080,cba,0.06435008213395191,Policy Cost|% GDP
MIMOSA,World,95,with,low,2085,cba,0.060502702355174354,Policy Cost|% GDP
MIMOSA,World,95,with,low,2090,cba,0.05693350193093451,Policy Cost|% GDP
MIMOSA,World,95,with,low,2095,cba,0.053769349076782075,Policy Cost|% GDP
MIMOSA,World,95,with,low,2100,cba,0.050733124228207194,Policy Cost|% GDP
MIMOSA,World,95,with,low,2105,cba,0.03421721041597961,Policy Cost|% GDP
MIMOSA,World,95,with,low,2110,cba,0.031999070465851764,Policy Cost|% GDP
MIMOSA,World,95,with,low,2115,cba,0.030193608440438603,Policy Cost|% GDP
MIMOSA,World,95,with,low,2120,cba,0.028704519662465556,Policy Cost|% GDP
MIMOSA,World,95,with,low,2125,cba,0.027458366243508524,Policy Cost|% GDP
MIMOSA,World,95,with,low,2130,cba,0.026393174574605712,Policy Cost|% GDP
MIMOSA,World,95,with,low,2135,cba,0.025511033758971548,Policy Cost|% GDP
MIMOSA,World,95,with,low,2140,cba,0.024744390682701404,Policy Cost|% GDP
MIMOSA,World,95,with,low,2145,cba,0.024097465213607488,Policy Cost|% GDP
MIMOSA,World,95,with,low,2150,cba,0.023558357009963758,Policy Cost|% GDP
MIMOSA,World,95,with,medium,2020,cba,0.0,Policy Cost|% GDP
MIMOSA,World,95,with,medium,2025,cba,0.00207172520964254,Policy Cost|% GDP
MIMOSA,World,95,with,medium,2030,cba,0.011469680315760485,Policy Cost|% GDP
MIMOSA,World,95,with,medium,2035,cba,0.02819557489657775,Policy Cost|% GDP
MIMOSA,World,95,with,medium,2040,cba,0.04556584524851466,Policy Cost|% GDP
MIMOSA,World,95,with,medium,2045,cba,0.04830434468623003,Policy Cost|% GDP
MIMOSA,World,95,with,medium,2050,cba,0.04957314637140339,Policy Cost|% GDP
MIMOSA,World,95,with,medium,2055,cba,0.049835021217303224,Policy Cost|% GDP
MIMOSA,World,95,with,medium,2060,cba,0.04941458365092527,Policy Cost|% GDP
MIMOSA,World,95,with,medium,2065,cba,0.048687274734149466,Policy Cost|% GDP
MIMOSA,World,95,with,medium,2070,cba,0.047744618639104286,Policy Cost|% GDP
MIMOSA,World,95,with,medium,2075,cba,0.046578288338187536,Policy Cost|% GDP
MIMOSA,World,95,with,medium,2080,cba,0.045271687711642784,Policy Cost|% GDP
MIMOSA,World,95,with,medium,2085,cba,0.04392140718038979,Policy Cost|% GDP
MIMOSA,World,95,with,medium,2090,cba,0.0426901363042213,Policy Cost|% GDP
MIMOSA,World,95,with,medium,2095,cba,0.041668113636619014,Policy Cost|% GDP
MIMOSA,World,95,with,medium,2100,cba,0.04065647367282747,Policy Cost|% GDP
MIMOSA,World,95,with,medium,2105,cba,0.032224609297089576,Policy Cost|% GDP
MIMOSA,World,95,with,medium,2110,cba,0.030502012701245248,Policy Cost|% GDP
MIMOSA,World,95,with,medium,2115,cba,0.02907546292431165,Policy Cost|% GDP
MIMOSA,World,95,with,medium,2120,cba,0.02787383973369873,Policy Cost|% GDP
MIMOSA,World,95,with,medium,2125,cba,0.02683660435893808,Policy Cost|% GDP
MIMOSA,World,95,with,medium,2130,cba,0.02595628385676033,Policy Cost|% GDP
MIMOSA,World,95,with,medium,2135,cba,0.025202817663764598,Policy Cost|% GDP
MIMOSA,World,95,with,medium,2140,cba,0.024543790121721816,Policy Cost|% GDP
MIMOSA,World,95,with,medium,2145,cba,0.02398641028912479,Policy Cost|% GDP
MIMOSA,World,95,with,medium,2150,cba,0.023504567812911693,Policy Cost|% GDP
REMIND,World,5,with,high,2020,cba,-0.0002057240725756,Policy Cost|% GDP
REMIND,World,5,with,high,2025,cba,-0.0001833747996673,Policy Cost|% GDP
REMIND,World,5,with,high,2030,cba,-0.0010852823823219,Policy Cost|% GDP
REMIND,World,5,with,high,2035,cba,-0.0015275637788402,Policy Cost|% GDP
REMIND,World,5,with,high,2040,cba,-0.0026640330951944,Policy Cost|% GDP
REMIND,World,5,with,high,2045,cba,-0.0052274594697266,Policy Cost|% GDP
REMIND,World,5,with,high,2050,cba,-0.0069005919244336,Policy Cost|% GDP
REMIND,World,5,with,high,2055,cba,-0.0068141349835594,Policy Cost|% GDP
REMIND,World,5,with,high,2060,cba,-0.0057848625871273,Policy Cost|% GDP
REMIND,World,5,with,high,2070,cba,-0.0042012204576569,Policy Cost|% GDP
REMIND,World,5,with,high,2080,cba,-0.0028268619044998,Policy Cost|% GDP
REMIND,World,5,with,high,2090,cba,-0.0004841953682854,Policy Cost|% GDP
REMIND,World,5,with,high,2100,cba,0.0005883101670748,Policy Cost|% GDP
REMIND,World,5,with,high,2110,cba,0.0009783142641122,Policy Cost|% GDP
REMIND,World,5,with,high,2130,cba,0.0002484267463725,Policy Cost|% GDP
REMIND,World,5,with,high,2150,cba,0.0011579368791884,Policy Cost|% GDP
REMIND,World,5,with,medium,2020,cba,-0.0003639385229556,Policy Cost|% GDP
REMIND,World,5,with,medium,2025,cba,6.24915081786177e-06,Policy Cost|% GDP
REMIND,World,5,with,medium,2030,cba,-0.0011002707616957,Policy Cost|% GDP
REMIND,World,5,with,medium,2035,cba,-0.0023966757884717,Policy Cost|% GDP
REMIND,World,5,with,medium,2040,cba,-0.0042672607633438,Policy Cost|% GDP
REMIND,World,5,with,medium,2045,cba,-0.0066399472756554,Policy Cost|% GDP
REMIND,World,5,with,medium,2050,cba,-0.0071398510575601,Policy Cost|% GDP
REMIND,World,5,with,medium,2055,cba,-0.0058039098846121,Policy Cost|% GDP
REMIND,World,5,with,medium,2060,cba,-0.0046053046895912,Policy Cost|% GDP
REMIND,World,5,with,medium,2070,cba,-0.0017930918305622003,Policy Cost|% GDP
REMIND,World,5,with,medium,2080,cba,-0.000388711611316,Policy Cost|% GDP
REMIND,World,5,with,medium,2090,cba,0.000660541510047,Policy Cost|% GDP
REMIND,World,5,with,medium,2100,cba,0.0010652854376051,Policy Cost|% GDP
REMIND,World,5,with,medium,2110,cba,0.0006112825330515,Policy Cost|% GDP
REMIND,World,5,with,medium,2130,cba,0.0004947036542937,Policy Cost|% GDP
REMIND,World,5,with,medium,2150,cba,0.0008450399597735,Policy Cost|% GDP
REMIND,World,50,with,high,2020,cba,-0.0002057240725756,Policy Cost|% GDP
REMIND,World,50,with,high,2025,cba,0.003374401648176,Policy Cost|% GDP
REMIND,World,50,with,high,2030,cba,0.0080509732910589,Policy Cost|% GDP
REMIND,World,50,with,high,2035,cba,0.0101937450307153,Policy Cost|% GDP
REMIND,World,50,with,high,2040,cba,0.0104594589722704,Policy Cost|% GDP
REMIND,World,50,with,high,2045,cba,0.008264522520899,Policy Cost|% GDP
REMIND,World,50,with,high,2050,cba,0.0067054036512202,Policy Cost|% GDP
REMIND,World,50,with,high,2055,cba,0.0066713548926745,Policy Cost|% GDP
REMIND,World,50,with,high,2060,cba,0.0073585040677941,Policy Cost|% GDP
REMIND,World,50,with,high,2070,cba,0.0083035588634219,Policy Cost|% GDP
REMIND,World,50,with,high,2080,cba,0.0100644685681065,Policy Cost|% GDP
REMIND,World,50,with,high,2090,cba,0.0114947650759803,Policy Cost|% GDP
REMIND,World,50,with,high,2100,cba,0.0111851351947099,Policy Cost|% GDP
REMIND,World,50,with,high,2110,cba,0.0102823226827265,Policy Cost|% GDP
REMIND,World,50,with,high,2130,cba,0.0082686470050905,Policy Cost|% GDP
REMIND,World,50,with,high,2150,cba,0.0084260801039963,Policy Cost|% GDP
REMIND,World,50,with,medium,2020,cba,-0.0003639385229556,Policy Cost|% GDP
REMIND,World,50,with,medium,2025,cba,0.0026305388150505,Policy Cost|% GDP
REMIND,World,50,with,medium,2030,cba,0.0058828899322068,Policy Cost|% GDP
REMIND,World,50,with,medium,2035,cba,0.0061335997074667995,Policy Cost|% GDP
REMIND,World,50,with,medium,2040,cba,0.0053970638283528,Policy Cost|% GDP
REMIND,World,50,with,medium,2045,cba,0.003742857854062,Policy Cost|% GDP
REMIND,World,50,with,medium,2050,cba,0.003736365029929,Policy Cost|% GDP
REMIND,World,50,with,medium,2055,cba,0.0043163978170438,Policy Cost|% GDP
REMIND,World,50,with,medium,2060,cba,0.0051300574213311,Policy Cost|% GDP
REMIND,World,50,with,medium,2070,cba,0.007639031315715701,Policy Cost|% GDP
REMIND,World,50,with,medium,2080,cba,0.0091564093919808,Policy Cost|% GDP
REMIND,World,50,with,medium,2090,cba,0.0096396169078387,Policy Cost|% GDP
REMIND,World,50,with,medium,2100,cba,0.0092357635266773,Policy Cost|% GDP
REMIND,World,50,with,medium,2110,cba,0.0080288534862572,Policy Cost|% GDP
REMIND,World,50,with,medium,2130,cba,0.0068626521707854,Policy Cost|% GDP
REMIND,World,50,with,medium,2150,cba,0.0071659355361166,Policy Cost|% GDP
REMIND,World,95,with,high,2020,cba,-0.0002057240725756,Policy Cost|% GDP
REMIND,World,95,with,high,2025,cba,0.00761405841188,Policy Cost|% GDP
REMIND,World,95,with,high,2030,cba,0.0161109832537536,Policy Cost|% GDP
REMIND,World,95,with,high,2035,cba,0.0176393419312892,Policy Cost|% GDP
REMIND,World,95,with,high,2040,cba,0.016836546686692,Policy Cost|% GDP
REMIND,World,95,with,high,2045,cba,0.0147231110436133,Policy Cost|% GDP
REMIND,World,95,with,high,2050,cba,0.0132273595204623,Policy Cost|% GDP
REMIND,World,95,with,high,2055,cba,0.013001115801912,Policy Cost|% GDP
REMIND,World,95,with,high,2060,cba,0.0137325192682804,Policy Cost|% GDP
REMIND,World,95,with,high,2070,cba,0.013366878548841998,Policy Cost|% GDP
REMIND,World,95,with,high,2080,cba,0.0145812506218265,Policy Cost|% GDP
REMIND,World,95,with,high,2090,cba,0.0163680117951712,Policy Cost|% GDP
REMIND,World,95,with,high,2100,cba,0.0158251458634727,Policy Cost|% GDP
REMIND,World,95,with,high,2110,cba,0.014083142854916,Policy Cost|% GDP
REMIND,World,95,with,high,2130,cba,0.0106330097853774,Policy Cost|% GDP
REMIND,World,95,with,high,2150,cba,0.0098835722366431,Policy Cost|% GDP
REMIND,World,95,with,medium,2020,cba,-0.0003639385229556,Policy Cost|% GDP
REMIND,World,95,with,medium,2025,cba,0.0056516777132405,Policy Cost|% GDP
REMIND,World,95,with,medium,2030,cba,0.011201859538372,Policy Cost|% GDP
REMIND,World,95,with,medium,2035,cba,0.011518614608082,Policy Cost|% GDP
REMIND,World,95,with,medium,2040,cba,0.0105403605510739,Policy Cost|% GDP
REMIND,World,95,with,medium,2045,cba,0.008492855824939,Policy Cost|% GDP
REMIND,World,95,with,medium,2050,cba,0.0080506239476958,Policy Cost|% GDP
REMIND,World,95,with,medium,2055,cba,0.0085830754816099,Policy Cost|% GDP
REMIND,World,95,with,medium,2060,cba,0.0092883793174024,Policy Cost|% GDP
REMIND,World,95,with,medium,2070,cba,0.0112592756057779,Policy Cost|% GDP
REMIND,World,95,with,medium,2080,cba,0.012544439864437599,Policy Cost|% GDP
REMIND,World,95,with,medium,2090,cba,0.0133946418597713,Policy Cost|% GDP
REMIND,World,95,with,medium,2100,cba,0.0128188559653762,Policy Cost|% GDP
REMIND,World,95,with,medium,2110,cba,0.0109446799379785,Policy Cost|% GDP
REMIND,World,95,with,medium,2130,cba,0.0088474947566108,Policy Cost|% GDP
REMIND,World,95,with,medium,2150,cba,0.0089493057227119,Policy Cost|% GDP
WITCH,World,5,with,low,2020,cba,-0.0004508140227661,Policy Cost|% GDP
WITCH,World,5,with,low,2025,cba,-4.63508154550608e-05,Policy Cost|% GDP
WITCH,World,5,with,low,2030,cba,-0.0003646151687298,Policy Cost|% GDP
WITCH,World,5,with,low,2035,cba,-0.0004815708206473,Policy Cost|% GDP
WITCH,World,5,with,low,2040,cba,-0.0005039936841387,Policy Cost|% GDP
WITCH,World,5,with,low,2045,cba,-0.0005134367815656,Policy Cost|% GDP
WITCH,World,5,with,low,2050,cba,-0.00046805981605000003,Policy Cost|% GDP
WITCH,World,5,with,low,2060,cba,-0.0003001725526946,Policy Cost|% GDP
WITCH,World,5,with,low,2070,cba,0.0001934546995443,Policy Cost|% GDP
WITCH,World,5,with,low,2080,cba,0.0008739710032103,Policy Cost|% GDP
WITCH,World,5,with,low,2090,cba,0.0013127187589832,Policy Cost|% GDP
WITCH,World,5,with,low,2100,cba,0.0016991991708169,Policy Cost|% GDP
WITCH,World,5,with,low,2110,cba,0.0024532813117999,Policy Cost|% GDP
WITCH,World,5,with,low,2120,cba,0.0033575445868843,Policy Cost|% GDP
WITCH,World,5,with,low,2130,cba,0.0041924961811036,Policy Cost|% GDP
WITCH,World,5,with,low,2140,cba,0.0048420016321677,Policy Cost|% GDP
WITCH,World,5,with,low,2150,cba,0.0052178914642495,Policy Cost|% GDP
WITCH,World,5,with,medium,2020,cba,-0.0004859261383039,Policy Cost|% GDP
WITCH,World,5,with,medium,2025,cba,-0.00021157955187340002,Policy Cost|% GDP
WITCH,World,5,with,medium,2030,cba,-0.0002301589153004,Policy Cost|% GDP
WITCH,World,5,with,medium,2035,cba,-0.0003567728965304,Policy Cost|% GDP
WITCH,World,5,with,medium,2040,cba,-0.00043732496447539994,Policy Cost|% GDP
WITCH,World,5,with,medium,2045,cba,-0.0004891180282143,Policy Cost|% GDP
WITCH,World,5,with,medium,2050,cba,-0.0005092438456062,Policy Cost|% GDP
WITCH,World,5,with,medium,2060,cba,-0.0004638418638565,Policy Cost|% GDP
WITCH,World,5,with,medium,2070,cba,-0.0001026823229806,Policy Cost|% GDP
WITCH,World,5,with,medium,2080,cba,0.0002909499356734,Policy Cost|% GDP
WITCH,World,5,with,medium,2090,cba,0.0008467317543094,Policy Cost|% GDP
WITCH,World,5,with,medium,2100,cba,0.0015971544166601998,Policy Cost|% GDP
WITCH,World,5,with,medium,2110,cba,0.0026010522963723,Policy Cost|% GDP
WITCH,World,5,with,medium,2120,cba,0.0036562546389243,Policy Cost|% GDP
WITCH,World,5,with,medium,2130,cba,0.0045409336585762,Policy Cost|% GDP
WITCH,World,5,with,medium,2140,cba,0.0049486078407125,Policy Cost|% GDP
WITCH,World,5,with,medium,2150,cba,0.0008425671283122,Policy Cost|% GDP
WITCH,World,50,with,high,2020,cba,-0.0004896961546893,Policy Cost|% GDP
WITCH,World,50,with,high,2025,cba,0.0015738437687702,Policy Cost|% GDP
WITCH,World,50,with,high,2030,cba,0.0038617403152693,Policy Cost|% GDP
WITCH,World,50,with,high,2035,cba,0.006534194934479199,Policy Cost|% GDP
WITCH,World,50,with,high,2040,cba,0.0086628220570467,Policy Cost|% GDP
WITCH,World,50,with,high,2045,cba,0.0102599160311722,Policy Cost|% GDP
WITCH,World,50,with,high,2050,cba,0.0117487733870956,Policy Cost|% GDP
WITCH,World,50,with,high,2060,cba,0.014035720646602702,Policy Cost|% GDP
WITCH,World,50,with,high,2070,cba,0.01592051203241,Policy Cost|% GDP
WITCH,World,50,with,high,2080,cba,0.0181022730098488,Policy Cost|% GDP
WITCH,World,50,with,high,2090,cba,0.0205505343687998,Policy Cost|% GDP
WITCH,World,50,with,high,2100,cba,0.02176386307993,Policy Cost|% GDP
WITCH,World,50,with,high,2110,cba,0.0224043256334408,Policy Cost|% GDP
WITCH,World,50,with,high,2120,cba,0.0230831239798508,Policy Cost|% GDP
WITCH,World,50,with,high,2130,cba,0.0241698384167379,Policy Cost|% GDP
WITCH,World,50,with,high,2140,cba,0.0242256148172407,Policy Cost|% GDP
WITCH,World,50,with,high,2150,cba,0.013847038881506,Policy Cost|% GDP
WITCH,World,50,with,low,2020,cba,-0.0004508140227661,Policy Cost|% GDP
WITCH,World,50,with,low,2025,cba,0.0342761292082666,Policy Cost|% GDP
WITCH,World,50,with,low,2030,cba,0.0401151564759027,Policy Cost|% GDP
WITCH,World,50,with,low,2035,cba,0.0401637755221803,Policy Cost|% GDP
WITCH,World,50,with,low,2040,cba,0.03820229613454191,Policy Cost|% GDP
WITCH,World,50,with,low,2045,cba,0.0359944249474169,Policy Cost|% GDP
WITCH,World,50,with,low,2050,cba,0.0343308990822785,Policy Cost|% GDP
WITCH,World,50,with,low,2060,cba,0.031114933497635798,Policy Cost|% GDP
WITCH,World,50,with,low,2070,cba,0.0283742209820531,Policy Cost|% GDP
WITCH,World,50,with,low,2080,cba,0.0252894846671907,Policy Cost|% GDP
WITCH,World,50,with,low,2090,cba,0.0224377912917936,Policy Cost|% GDP
WITCH,World,50,with,low,2100,cba,0.0193710918449805,Policy Cost|% GDP
WITCH,World,50,with,low,2110,cba,0.0167198378626236,Policy Cost|% GDP
WITCH,World,50,with,low,2120,cba,0.0146961186833823,Policy Cost|% GDP
WITCH,World,50,with,low,2130,cba,0.0130063998069574,Policy Cost|% GDP
WITCH,World,50,with,low,2140,cba,0.0114411265935247,Policy Cost|% GDP
WITCH,World,50,with,low,2150,cba,0.0144212495521356,Policy Cost|% GDP
WITCH,World,50,with,medium,2020,cba,-0.0004859261383039,Policy Cost|% GDP
WITCH,World,50,with,medium,2025,cba,0.0092486319461703,Policy Cost|% GDP
WITCH,World,50,with,medium,2030,cba,0.013219500905195398,Policy Cost|% GDP
WITCH,World,50,with,medium,2035,cba,0.0157089553005075,Policy Cost|% GDP
WITCH,World,50,with,medium,2040,cba,0.0166574095156085,Policy Cost|% GDP
WITCH,World,50,with,medium,2045,cba,0.0166608219655523,Policy Cost|% GDP
WITCH,World,50,with,medium,2050,cba,0.0169219504883078,Policy Cost|% GDP
WITCH,World,50,with,medium,2060,cba,0.018199070072405,Policy Cost|% GDP
WITCH,World,50,with,medium,2070,cba,0.0197683349072516,Policy Cost|% GDP
WITCH,World,50,with,medium,2080,cba,0.0210374957901551,Policy Cost|% GDP
WITCH,World,50,with,medium,2090,cba,0.0219109257675938,Policy Cost|% GDP
WITCH,World,50,with,medium,2100,cba,0.0220864640390429,Policy Cost|% GDP
WITCH,World,50,with,medium,2110,cba,0.0218340081757101,Policy Cost|% GDP
WITCH,World,50,with,medium,2120,cba,0.021430192368802,Policy Cost|% GDP
WITCH,World,50,with,medium,2130,cba,0.0208965947603949,Policy Cost|% GDP
WITCH,World,50,with,medium,2140,cba,0.0206385294269482,Policy Cost|% GDP
WITCH,World,50,with,medium,2150,cba,0.020667688318481,Policy Cost|% GDP
WITCH,World,95,with,high,2020,cba,-0.0004896961546893,Policy Cost|% GDP
WITCH,World,95,with,high,2025,cba,0.005744276653467,Policy Cost|% GDP
WITCH,World,95,with,high,2030,cba,0.0104209862803919,Policy Cost|% GDP
WITCH,World,95,with,high,2035,cba,0.0145216775852507,Policy Cost|% GDP
WITCH,World,95,with,high,2040,cba,0.0172994233791392,Policy Cost|% GDP
WITCH,World,95,with,high,2045,cba,0.0191925340520435,Policy Cost|% GDP
WITCH,World,95,with,high,2050,cba,0.020995414446889,Policy Cost|% GDP
WITCH,World,95,with,high,2060,cba,0.0247408603196135,Policy Cost|% GDP
WITCH,World,95,with,high,2070,cba,0.0278907998942461,Policy Cost|% GDP
WITCH,World,95,with,high,2080,cba,0.0308363105156919,Policy Cost|% GDP
WITCH,World,95,with,high,2090,cba,0.0328125391656342,Policy Cost|% GDP
WITCH,World,95,with,high,2100,cba,0.0337406060455752,Policy Cost|% GDP
WITCH,World,95,with,high,2110,cba,0.034148593873721,Policy Cost|% GDP
WITCH,World,95,with,high,2120,cba,0.0343741266230604,Policy Cost|% GDP
WITCH,World,95,with,high,2130,cba,0.0349587550457562,Policy Cost|% GDP
WITCH,World,95,with,high,2140,cba,0.0352126714753792,Policy Cost|% GDP
WITCH,World,95,with,high,2150,cba,0.028004443959459595,Policy Cost|% GDP
WITCH,World,95,with,low,2020,cba,-0.0004508140227661,Policy Cost|% GDP
WITCH,World,95,with,low,2025,cba,0.0423295888464086,Policy Cost|% GDP
WITCH,World,95,with,low,2030,cba,0.049836838213168,Policy Cost|% GDP
WITCH,World,95,with,low,2035,cba,0.0504732739823681,Policy Cost|% GDP
WITCH,World,95,with,low,2040,cba,0.04918106365347571,Policy Cost|% GDP
WITCH,World,95,with,low,2045,cba,0.0472289479556728,Policy Cost|% GDP
WITCH,World,95,with,low,2050,cba,0.0454827070818007,Policy Cost|% GDP
WITCH,World,95,with,low,2060,cba,0.0412976282938189,Policy Cost|% GDP
WITCH,World,95,with,low,2070,cba,0.037810400919648,Policy Cost|% GDP
WITCH,World,95,with,low,2080,cba,0.0344982305679592,Policy Cost|% GDP
WITCH,World,95,with,low,2090,cba,0.0315744512115729,Policy Cost|% GDP
WITCH,World,95,with,low,2100,cba,0.0283028915968231,Policy Cost|% GDP
WITCH,World,95,with,low,2110,cba,0.0255089604362614,Policy Cost|% GDP
WITCH,World,95,with,low,2120,cba,0.023122237420493803,Policy Cost|% GDP
WITCH,World,95,with,low,2130,cba,0.0211335367210107,Policy Cost|% GDP
WITCH,World,95,with,low,2140,cba,0.0196068634203039,Policy Cost|% GDP
WITCH,World,95,with,low,2150,cba,0.0231074044877681,Policy Cost|% GDP
WITCH,World,95,with,medium,2020,cba,-0.0004859261383039,Policy Cost|% GDP
WITCH,World,95,with,medium,2025,cba,0.0186725657617648,Policy Cost|% GDP
WITCH,World,95,with,medium,2030,cba,0.024973935040451905,Policy Cost|% GDP
WITCH,World,95,with,medium,2035,cba,0.0279518405628296,Policy Cost|% GDP
WITCH,World,95,with,medium,2040,cba,0.0282289563684126,Policy Cost|% GDP
WITCH,World,95,with,medium,2045,cba,0.0280400962096736,Policy Cost|% GDP
WITCH,World,95,with,medium,2050,cba,0.0284285379356011,Policy Cost|% GDP
WITCH,World,95,with,medium,2060,cba,0.0310784368852539,Policy Cost|% GDP
WITCH,World,95,with,medium,2070,cba,0.0330174999201061,Policy Cost|% GDP
WITCH,World,95,with,medium,2080,cba,0.0336600413508804,Policy Cost|% GDP
WITCH,World,95,with,medium,2090,cba,0.0332898522882587,Policy Cost|% GDP
WITCH,World,95,with,medium,2100,cba,0.0325198585068658,Policy Cost|% GDP
WITCH,World,95,with,medium,2110,cba,0.0315082662075589,Policy Cost|% GDP
WITCH,World,95,with,medium,2120,cba,0.030551630988489,Policy Cost|% GDP
WITCH,World,95,with,medium,2130,cba,0.0297970228059122,Policy Cost|% GDP
WITCH,World,95,with,medium,2140,cba,0.0291502738064465,Policy Cost|% GDP
WITCH,World,95,with,medium,2150,cba,0.0306818067485937,Policy Cost|% GDP
